<?xml version="1.0" encoding="UTF-8"?>

<Layout pageLayout="Basic" frameLayout="Basic" loginPage="Default" errorPage="Default"> 
  <Resources alwaysRequired="WebRatio-global-style WebRatio-menu-style WebRatio-units-style WebRatio-respond-js WebRatio-responsive-menu-js"> 
    <Resource name="WebRatio-global-style" type="css" path="wr-css/global.css"/>  
    <Resource name="WebRatio-menu-style" type="css" path="wr-css/menu.css" requires="WebRatio-global-style"/>  
    <Resource name="WebRatio-units-style" type="css" path="wr-css/units.css" requires="WebRatio-global-style"/>  
    <Resource name="WebRatio-respond-js" type="javascript" path="wr-js/respond.min.js" ieCondition="lt IE 9" requires="WebRatio-menu-style WebRatio-global-style"/>  
    <Resource name="WebRatio-responsive-menu-js" type="javascript" path="wr-js/responsive-menu.js" requires="jquery"/> 
  </Resources>  
  <UnitConfiguration unitType="IndexUnit" unitLayout="WRDefault/Normal"> 
    <LayoutParameter name="use-alternate" value="true" type="unit"/> 
  </UnitConfiguration>  
  <UnitConfiguration unitType="MultiChoiceIndexUnit" unitLayout="WRDefault/Normal"> 
    <LayoutParameter name="use-alternate" value="true" type="unit"/> 
  </UnitConfiguration>  
  <UnitConfiguration unitType="PowerIndexUnit" unitLayout="WRDefault/Normal"> 
    <LayoutParameter name="use-alternate" value="true" type="unit"/> 
  </UnitConfiguration> 
</Layout>
