<?xml version="1.0" encoding="UTF-8"?>

<DBMetaData driverMajorVersion="42" driverMinorVersion="2" driverVersion="42.2.29.jre7" productVersion="16.0" identifierQuoteString="&quot;" transactionLevel="Read Committed" driverName="PostgreSQL JDBC Driver" productName="PostgreSQL">
  <Schema name="information_schema"/>
  <Schema name="pg_catalog"/>
  <Schema name="public"/>
  <Sequence schema="public" name="adminstuff_oid_seq"/>
  <Sequence schema="public" name="evento_id_seq"/>
  <Sequence schema="public" name="global_id_seq"/>
  <Sequence schema="public" name="immagine_oid_seq"/>
  <Sequence schema="public" name="message_oid_seq"/>
  <Sequence schema="public" name="notification_oid_seq"/>
  <Sequence schema="public" name="persona_matricola_seq_new"/>
  <Sequence schema="public" name="sensore_id_seq"/>
  <Table schema="public" ignoreIndexes="false" name="adminstuff" type="TABLE" refreshed="true">
    <Column sqlTypeId="4" indexed="unknown" autoIncrement="true" type="serial" size="10" decimalDigits="0" name="oid" primaryKey="true" notNull="true"/>
    <Column sqlTypeId="4" indexed="unknown" autoIncrement="false" type="int4" size="10" decimalDigits="0" name="maxopenevents" primaryKey="false" notNull="false"/>
    <Column sqlTypeId="-7" indexed="unknown" autoIncrement="false" type="bool" size="1" decimalDigits="0" name="sensorsalloff" primaryKey="false" notNull="true"/>
    <Column sqlTypeId="-7" indexed="unknown" autoIncrement="false" type="bool" size="1" decimalDigits="0" name="messageafterclosure" primaryKey="false" notNull="true"/>
  </Table>
  <Table schema="public" ignoreIndexes="false" name="assigned_event" type="TABLE" refreshed="true">
    <Column sqlTypeId="4" indexed="unknown" autoIncrement="false" type="int4" size="10" decimalDigits="0" name="evento_id" primaryKey="true" notNull="true"/>
    <Column sqlTypeId="4" indexed="unknown" autoIncrement="false" type="int4" size="10" decimalDigits="0" name="assigned_op" primaryKey="false" notNull="true"/>
    <ForeignKey localColumnName="evento_id" foreignColumnName="id" name="fk_assigned_event_evento" foreignTableName="evento" foreignSchemaName="public"/>
    <ForeignKey localColumnName="assigned_op" foreignColumnName="matr" name="fk_assigned_event_operatore" foreignTableName="operatoreids" foreignSchemaName="public"/>
  </Table>
  <Table schema="public" ignoreIndexes="false" name="evento" type="TABLE" refreshed="true">
    <Column sqlTypeId="4" indexed="unknown" autoIncrement="true" type="serial" size="10" decimalDigits="0" name="id" primaryKey="true" notNull="true"/>
    <Column sqlTypeId="93" indexed="unknown" autoIncrement="false" type="timestamp" size="29" decimalDigits="6" name="ts" primaryKey="false" notNull="true"/>
    <Column sqlTypeId="4" indexed="unknown" autoIncrement="false" type="int4" size="10" decimalDigits="0" name="operatore" primaryKey="false" notNull="true"/>
    <Column sqlTypeId="4" indexed="unknown" autoIncrement="false" type="int4" size="10" decimalDigits="0" name="data" primaryKey="false" notNull="true"/>
    <Column sqlTypeId="-7" indexed="unknown" autoIncrement="false" type="bool" size="1" decimalDigits="0" name="closed" primaryKey="false" notNull="true"/>
    <Column sqlTypeId="93" indexed="unknown" autoIncrement="false" type="timestamp" size="29" decimalDigits="6" name="ts_closed" primaryKey="false" notNull="false"/>
    <Column sqlTypeId="12" indexed="unknown" autoIncrement="false" type="varchar" size="500" decimalDigits="0" name="commento" primaryKey="false" notNull="false"/>
    <ForeignKey localColumnName="operatore" foreignColumnName="matr" name="fk_operatoreas" foreignTableName="operatoreas" foreignSchemaName="public"/>
    <ForeignKey localColumnName="data" foreignColumnName="oid" name="fk_EventData" foreignTableName="trafficoanomalo" foreignSchemaName="public"/>
  </Table>
  <Table schema="public" ignoreIndexes="false" name="gruppo" type="TABLE" refreshed="true">
    <Column sqlTypeId="4" indexed="unknown" autoIncrement="false" type="int4" size="10" decimalDigits="0" name="oid" primaryKey="true" notNull="true"/>
    <Column sqlTypeId="12" indexed="unknown" autoIncrement="false" type="varchar" size="255" decimalDigits="0" name="groupname" primaryKey="false" notNull="false"/>
  </Table>
  <Table schema="public" ignoreIndexes="false" name="immagine" type="TABLE" refreshed="true">
    <Column sqlTypeId="4" indexed="unknown" autoIncrement="true" type="serial" size="10" decimalDigits="0" name="oid" primaryKey="true" notNull="true"/>
    <Column sqlTypeId="12" indexed="unknown" autoIncrement="false" type="varchar" size="255" decimalDigits="0" name="foto" primaryKey="false" notNull="true"/>
  </Table>
  <Table schema="public" ignoreIndexes="false" name="labels" type="TABLE" refreshed="true">
    <Column sqlTypeId="12" indexed="unknown" autoIncrement="false" type="varchar" size="50" decimalDigits="0" name="lab" primaryKey="true" notNull="true"/>
  </Table>
  <Table schema="public" ignoreIndexes="false" name="message" type="TABLE" refreshed="true">
    <Column sqlTypeId="4" indexed="unknown" autoIncrement="false" type="int4" size="10" decimalDigits="0" name="aevento_id" primaryKey="false" notNull="true"/>
    <Column sqlTypeId="93" indexed="unknown" autoIncrement="false" type="timestamp" size="29" decimalDigits="6" name="ts" primaryKey="false" notNull="true"/>
    <Column sqlTypeId="12" indexed="unknown" autoIncrement="false" type="text" size="2147483647" decimalDigits="0" name="testo" primaryKey="false" notNull="true"/>
    <Column sqlTypeId="4" indexed="unknown" autoIncrement="false" type="int4" size="10" decimalDigits="0" name="from_op" primaryKey="false" notNull="true"/>
    <Column sqlTypeId="4" indexed="unknown" autoIncrement="true" type="serial" size="10" decimalDigits="0" name="oid" primaryKey="true" notNull="true"/>
    <ForeignKey localColumnName="aevento_id" foreignColumnName="evento_id" name="fk_message_assigned_event" foreignTableName="assigned_event" foreignSchemaName="public"/>
    <ForeignKey localColumnName="from_op" foreignColumnName="matricola" name="fk_message_persona" foreignTableName="persona" foreignSchemaName="public"/>
  </Table>
  <Table schema="public" ignoreIndexes="false" name="module" type="TABLE" refreshed="true">
    <Column sqlTypeId="4" indexed="unknown" autoIncrement="false" type="int4" size="10" decimalDigits="0" name="oid" primaryKey="true" notNull="true"/>
    <Column sqlTypeId="12" indexed="unknown" autoIncrement="false" type="varchar" size="255" decimalDigits="0" name="moduleid" primaryKey="false" notNull="false"/>
    <Column sqlTypeId="12" indexed="unknown" autoIncrement="false" type="varchar" size="255" decimalDigits="0" name="modulename" primaryKey="false" notNull="false"/>
    <Column sqlTypeId="4" indexed="unknown" autoIncrement="false" type="int4" size="10" decimalDigits="0" name="group_oid" primaryKey="false" notNull="false"/>
    <Column sqlTypeId="4" indexed="unknown" autoIncrement="false" type="int4" size="10" decimalDigits="0" name="group_oid_2" primaryKey="false" notNull="false"/>
    <ForeignKey localColumnName="group_oid" foreignColumnName="oid" name="fk_module_group" foreignTableName="gruppo" foreignSchemaName="public"/>
    <ForeignKey localColumnName="group_oid_2" foreignColumnName="oid" name="fk_module_group_2" foreignTableName="gruppo" foreignSchemaName="public"/>
  </Table>
  <Table schema="public" ignoreIndexes="false" name="notification" type="TABLE" refreshed="true">
    <Column sqlTypeId="4" indexed="unknown" autoIncrement="true" type="serial" size="10" decimalDigits="0" name="oid" primaryKey="true" notNull="true"/>
    <Column sqlTypeId="93" indexed="unknown" autoIncrement="false" type="timestamp" size="29" decimalDigits="6" name="ts" primaryKey="false" notNull="true"/>
    <Column sqlTypeId="12" indexed="unknown" autoIncrement="false" type="text" size="2147483647" decimalDigits="0" name="description" primaryKey="false" notNull="true"/>
    <Column sqlTypeId="4" indexed="unknown" autoIncrement="false" type="int4" size="10" decimalDigits="0" name="from_pp" primaryKey="false" notNull="true"/>
    <Column sqlTypeId="4" indexed="unknown" autoIncrement="false" type="int4" size="10" decimalDigits="0" name="to_pp" primaryKey="false" notNull="true"/>
    <Column sqlTypeId="12" indexed="unknown" autoIncrement="false" type="varchar" size="20" decimalDigits="0" name="noti_type" primaryKey="false" notNull="true"/>
    <Column sqlTypeId="-7" indexed="unknown" autoIncrement="false" type="bool" size="1" decimalDigits="0" name="checked" primaryKey="false" notNull="true"/>
    <Column sqlTypeId="4" indexed="unknown" autoIncrement="false" type="int4" size="10" decimalDigits="0" name="evento_noti" primaryKey="false" notNull="false"/>
    <ForeignKey localColumnName="evento_noti" foreignColumnName="evento_id" name="fk_notification_assigned_event" foreignTableName="assigned_event" foreignSchemaName="public"/>
    <ForeignKey localColumnName="from_pp" foreignColumnName="matricola" name="fk_notification_from_pp" foreignTableName="persona" foreignSchemaName="public"/>
    <ForeignKey localColumnName="to_pp" foreignColumnName="matricola" name="fk_notification_to_pp" foreignTableName="persona" foreignSchemaName="public"/>
  </Table>
  <Table schema="public" ignoreIndexes="false" name="operatoreas" type="TABLE" refreshed="true">
    <Column sqlTypeId="4" indexed="unknown" autoIncrement="false" type="int4" size="10" decimalDigits="0" name="matr" primaryKey="true" notNull="true"/>
    <ForeignKey localColumnName="matr" foreignColumnName="matricola" name="fk_matras" foreignTableName="persona" foreignSchemaName="public"/>
  </Table>
  <Table schema="public" ignoreIndexes="false" name="operatoreids" type="TABLE" refreshed="true">
    <Column sqlTypeId="4" indexed="unknown" autoIncrement="false" type="int4" size="10" decimalDigits="0" name="matr" primaryKey="true" notNull="true"/>
    <ForeignKey localColumnName="matr" foreignColumnName="matricola" name="fk_matrids" foreignTableName="persona" foreignSchemaName="public"/>
  </Table>
  <Table schema="public" ignoreIndexes="false" name="persona" type="TABLE" refreshed="true">
    <Column sqlTypeId="4" indexed="unknown" autoIncrement="true" type="serial" size="10" decimalDigits="0" name="matricola" primaryKey="true" notNull="true"/>
    <Column sqlTypeId="12" indexed="unknown" autoIncrement="false" type="varchar" size="255" decimalDigits="0" name="nome" primaryKey="false" notNull="true"/>
    <Column sqlTypeId="12" indexed="unknown" autoIncrement="false" type="varchar" size="255" decimalDigits="0" name="cognome" primaryKey="false" notNull="true"/>
    <Column sqlTypeId="91" indexed="unknown" autoIncrement="false" type="date" size="13" decimalDigits="0" name="datanascita" primaryKey="false" notNull="true"/>
    <Column sqlTypeId="12" indexed="unknown" autoIncrement="false" type="varchar" size="255" decimalDigits="0" name="password" primaryKey="false" notNull="true"/>
    <Column sqlTypeId="4" indexed="unknown" autoIncrement="false" type="int4" size="10" decimalDigits="0" name="group_oid" primaryKey="false" notNull="false"/>
    <Column sqlTypeId="4" indexed="unknown" autoIncrement="false" type="int4" size="10" decimalDigits="0" name="group_oid_2" primaryKey="false" notNull="false"/>
    <Column sqlTypeId="12" indexed="unknown" autoIncrement="false" type="varchar" size="50" decimalDigits="0" name="username" primaryKey="false" notNull="false"/>
    <ForeignKey localColumnName="group_oid" foreignColumnName="oid" name="fk_user_group" foreignTableName="gruppo" foreignSchemaName="public"/>
    <ForeignKey localColumnName="group_oid_2" foreignColumnName="oid" name="fk_user_group_2" foreignTableName="gruppo" foreignSchemaName="public"/>
  </Table>
  <Table schema="public" ignoreIndexes="false" name="sensore" type="TABLE" refreshed="true">
    <Column sqlTypeId="4" indexed="unknown" autoIncrement="true" type="serial" size="10" decimalDigits="0" name="id" primaryKey="true" notNull="true"/>
    <Column sqlTypeId="-7" indexed="unknown" autoIncrement="false" type="bool" size="1" decimalDigits="0" name="attivo" primaryKey="false" notNull="true"/>
  </Table>
  <Table schema="public" ignoreIndexes="false" name="traffico" type="TABLE" refreshed="true">
    <Column sqlTypeId="4" indexed="unknown" autoIncrement="true" type="serial" size="10" decimalDigits="0" name="oid" primaryKey="true" notNull="true"/>
    <Column sqlTypeId="93" indexed="unknown" autoIncrement="false" type="timestamp" size="29" decimalDigits="6" name="ts" primaryKey="false" notNull="true"/>
    <Column sqlTypeId="4" indexed="unknown" autoIncrement="false" type="int4" size="10" decimalDigits="0" name="sensore" primaryKey="false" notNull="true"/>
    <Column sqlTypeId="7" indexed="unknown" autoIncrement="false" type="float4" size="8" decimalDigits="8" name="duration" primaryKey="false" notNull="true"/>
    <Column sqlTypeId="12" indexed="unknown" autoIncrement="false" type="varchar" size="50" decimalDigits="0" name="protocol_type" primaryKey="false" notNull="true"/>
    <Column sqlTypeId="12" indexed="unknown" autoIncrement="false" type="varchar" size="50" decimalDigits="0" name="service" primaryKey="false" notNull="true"/>
    <Column sqlTypeId="12" indexed="unknown" autoIncrement="false" type="varchar" size="50" decimalDigits="0" name="flag" primaryKey="false" notNull="true"/>
    <Column sqlTypeId="7" indexed="unknown" autoIncrement="false" type="float4" size="8" decimalDigits="8" name="src_bytes" primaryKey="false" notNull="true"/>
    <Column sqlTypeId="7" indexed="unknown" autoIncrement="false" type="float4" size="8" decimalDigits="8" name="dst_bytes" primaryKey="false" notNull="true"/>
    <Column sqlTypeId="-7" indexed="unknown" autoIncrement="false" type="bool" size="1" decimalDigits="0" name="land" primaryKey="false" notNull="true"/>
    <Column sqlTypeId="7" indexed="unknown" autoIncrement="false" type="float4" size="8" decimalDigits="8" name="wrong_fragment" primaryKey="false" notNull="true"/>
    <Column sqlTypeId="7" indexed="unknown" autoIncrement="false" type="float4" size="8" decimalDigits="8" name="urgent" primaryKey="false" notNull="true"/>
    <Column sqlTypeId="7" indexed="unknown" autoIncrement="false" type="float4" size="8" decimalDigits="8" name="hot" primaryKey="false" notNull="true"/>
    <Column sqlTypeId="7" indexed="unknown" autoIncrement="false" type="float4" size="8" decimalDigits="8" name="num_failed_logins" primaryKey="false" notNull="true"/>
    <Column sqlTypeId="-7" indexed="unknown" autoIncrement="false" type="bool" size="1" decimalDigits="0" name="logged_in" primaryKey="false" notNull="true"/>
    <Column sqlTypeId="7" indexed="unknown" autoIncrement="false" type="float4" size="8" decimalDigits="8" name="num_compromised" primaryKey="false" notNull="true"/>
    <Column sqlTypeId="7" indexed="unknown" autoIncrement="false" type="float4" size="8" decimalDigits="8" name="root_shell" primaryKey="false" notNull="true"/>
    <Column sqlTypeId="7" indexed="unknown" autoIncrement="false" type="float4" size="8" decimalDigits="8" name="su_attempted" primaryKey="false" notNull="true"/>
    <Column sqlTypeId="7" indexed="unknown" autoIncrement="false" type="float4" size="8" decimalDigits="8" name="num_root" primaryKey="false" notNull="true"/>
    <Column sqlTypeId="7" indexed="unknown" autoIncrement="false" type="float4" size="8" decimalDigits="8" name="num_file_creations" primaryKey="false" notNull="true"/>
    <Column sqlTypeId="7" indexed="unknown" autoIncrement="false" type="float4" size="8" decimalDigits="8" name="num_shells" primaryKey="false" notNull="true"/>
    <Column sqlTypeId="7" indexed="unknown" autoIncrement="false" type="float4" size="8" decimalDigits="8" name="num_access_files" primaryKey="false" notNull="true"/>
    <Column sqlTypeId="7" indexed="unknown" autoIncrement="false" type="float4" size="8" decimalDigits="8" name="num_outbound_cmds" primaryKey="false" notNull="true"/>
    <Column sqlTypeId="7" indexed="unknown" autoIncrement="false" type="float4" size="8" decimalDigits="8" name="anomalyprob" primaryKey="false" notNull="true"/>
    <Column sqlTypeId="7" indexed="unknown" autoIncrement="false" type="float4" size="8" decimalDigits="8" name="dosprob" primaryKey="false" notNull="true"/>
    <Column sqlTypeId="7" indexed="unknown" autoIncrement="false" type="float4" size="8" decimalDigits="8" name="scanprob" primaryKey="false" notNull="true"/>
    <Column sqlTypeId="7" indexed="unknown" autoIncrement="false" type="float4" size="8" decimalDigits="8" name="r2lprob" primaryKey="false" notNull="true"/>
    <Column sqlTypeId="12" indexed="unknown" autoIncrement="false" type="varchar" size="50" decimalDigits="0" name="label" primaryKey="false" notNull="true"/>
    <ForeignKey localColumnName="sensore" foreignColumnName="id" name="fk_sensore" foreignTableName="sensore" foreignSchemaName="public"/>
  </Table>
  <Table schema="public" ignoreIndexes="false" name="trafficoanomalo" type="TABLE" refreshed="true">
    <Column sqlTypeId="4" indexed="unknown" autoIncrement="true" type="serial" size="10" decimalDigits="0" name="oid" primaryKey="true" notNull="true"/>
    <Column sqlTypeId="-7" indexed="unknown" autoIncrement="false" type="bool" size="1" decimalDigits="0" name="handled" primaryKey="false" notNull="true"/>
    <Column sqlTypeId="93" indexed="unknown" autoIncrement="false" type="timestamp" size="29" decimalDigits="6" name="ch_ts" primaryKey="false" notNull="false"/>
    <Column sqlTypeId="12" indexed="unknown" autoIncrement="false" type="varchar" size="500" decimalDigits="0" name="reason" primaryKey="false" notNull="false"/>
    <Column sqlTypeId="4" indexed="unknown" autoIncrement="false" type="int4" size="10" decimalDigits="0" name="by_op" primaryKey="false" notNull="false"/>
    <ForeignKey localColumnName="by_op" foreignColumnName="matr" name="fk_trafficoanomalo_byop" foreignTableName="operatoreids" foreignSchemaName="public"/>
    <ForeignKey localColumnName="oid" foreignColumnName="oid" name="fk_TraffAnomalo" foreignTableName="traffico" foreignSchemaName="public"/>
  </Table>
  <Table schema="public" ignoreIndexes="false" name="trafficolegit" type="TABLE" refreshed="true">
    <Column sqlTypeId="4" indexed="unknown" autoIncrement="false" type="int4" size="10" decimalDigits="0" name="oid" primaryKey="true" notNull="true"/>
    <Column sqlTypeId="93" indexed="unknown" autoIncrement="false" type="timestamp" size="29" decimalDigits="6" name="ch_ts" primaryKey="false" notNull="false"/>
    <Column sqlTypeId="12" indexed="unknown" autoIncrement="false" type="varchar" size="500" decimalDigits="0" name="reason" primaryKey="false" notNull="false"/>
    <Column sqlTypeId="4" indexed="unknown" autoIncrement="false" type="int4" size="10" decimalDigits="0" name="by_op" primaryKey="false" notNull="false"/>
    <ForeignKey localColumnName="by_op" foreignColumnName="matr" name="fk_trafficolegito_byop" foreignTableName="operatoreids" foreignSchemaName="public"/>
    <ForeignKey localColumnName="oid" foreignColumnName="oid" name="fk_trlegit" foreignTableName="traffico" foreignSchemaName="public"/>
  </Table>
</DBMetaData>
