<?xml version="1.0" encoding="UTF-8"?>

<Warnings> 
  <Warning xpath="id('sv2#area9#page12#qu3#ln70')" rootXPath="id('sv2')" key="AUTOMATIC_COUPLING_WITHOUT_EFFECT" label="check"> 
    <Message>Neither explicit nor implicit parameters' bindings could be found for the flow 'check'</Message>  
    <Resolution class="com.webratio.ide.ui.resources.ChangeAttributeResolutionGenerator" attribute="automaticCoupling" value="">Remove the 'Automatic Coupling' property</Resolution> 
  </Warning>  
  <Warning xpath="id('sv2#area1#miu33')" rootXPath="id('sv2')" error="false" label="sv2#area1#miu33" key="NO_OUTGOING_KO_LINKS"> 
    <Message>No outgoing KO flow(s) for the operation 'sv2#area1#miu33'</Message> 
  </Warning>  
  <Warning xpath="id('sv2#area1#miu34')" rootXPath="id('sv2')" error="false" label="sv2#area1#miu34" key="NO_OUTGOING_KO_LINKS"> 
    <Message>No outgoing KO flow(s) for the operation 'sv2#area1#miu34'</Message> 
  </Warning>  
  <Warning xpath="id('sv2#area5#miu5')" rootXPath="id('sv2')" label="sv2#area5#miu5" key="CODE_NEVER_USED"> 
    <Message>The code 'KO Port4' is never used by the module 'sv2#area5#miu5'</Message> 
  </Warning>  
  <Warning xpath="id('sv2#area7#miu9')" rootXPath="id('sv2')" error="false" label="sv2#area7#miu9" key="NO_OUTGOING_OK_LINKS"> 
    <Message>No outgoing OK flow(s) for the operation 'sv2#area7#miu9'</Message> 
  </Warning>  
  <Warning xpath="id('sv2#area7#miu9')" rootXPath="id('sv2')" error="false" label="sv2#area7#miu9" key="NO_OUTGOING_KO_LINKS"> 
    <Message>No outgoing KO flow(s) for the operation 'sv2#area7#miu9'</Message> 
  </Warning>  
  <Warning xpath="id('sv2#area8#miu15')" rootXPath="id('sv2')" error="false" label="sv2#area8#miu15" key="NO_OUTGOING_KO_LINKS"> 
    <Message>No outgoing KO flow(s) for the operation 'sv2#area8#miu15'</Message> 
  </Warning>  
  <Warning xpath="id('sv2#area9#miu19')" rootXPath="id('sv2')" error="false" label="sv2#area9#miu19" key="NO_OUTGOING_KO_LINKS"> 
    <Message>No outgoing KO flow(s) for the operation 'sv2#area9#miu19'</Message> 
  </Warning>  
  <Warning xpath="id('sv2#area1#page14#gctu1')" rootXPath="id('sv2')" error="false" label="Periodical Refresh" key="CHECKED_CUSTOM_DESCR"> 
    <Message>The content unit 'Periodical Refresh' has the 'Custom Descriptor' property set but no custom descriptor could be found</Message>  
    <Resolution class="com.webratio.ide.ui.resources.ChangeAttributeResolutionGenerator" attribute="customDescriptor" value="">Remove the 'Custom Descriptor' property</Resolution> 
  </Warning>  
  <Warning error="false" xpath="id('sv2#area5#page15#inu4')" rootXPath="id('sv2')" key="UNSPECIFIED_SORTING_ATTRIBUTE" label="Sensors"> 
    <Message>Sorting attribute are unspecified for the component 'Sensors'</Message> 
  </Warning>  
  <Warning error="false" xpath="id('sv2#area8#page18#pwu1')" rootXPath="id('sv2')" key="UNSPECIFIED_SORTING_ATTRIBUTE" label="My notifications"> 
    <Message>Sorting attribute are unspecified for the component 'My notifications'</Message> 
  </Warning>  
  <Warning error="false" xpath="id('sv2#area8#page18#seu4#su19#acond5')" rootXPath="id('sv2')" key="NOT_EQUAL_PREDICATE_WITH_OR" label="AttCondition5"> 
    <Message>Invalid combination of predicate 'Not Equal' and boolean operator 'Or' for the condition 'AttCondition5'</Message>  
    <Resolution message="Set boolean operator to 'and'" class="com.webratio.ide.ui.resources.ChangeAttributeResolutionGenerator" attribute="booleanOperator" value="and">Set boolean operator to 'and'</Resolution> 
  </Warning>  
  <Warning xpath="id('sv2#area9#page12#dau3')" rootXPath="id('sv2')" label="My Data"> 
    <Message>Security Warning: the component 'My Data' shows the password attributes</Message>  
    <Resolution class="com.webratio.ide.ui.resources.RemoveShownPasswordAttributesResolutionGenerator">Remove the attribute from the display attributes</Resolution> 
  </Warning>  
  <Warning xpath="/WebProject" rootXPath="/WebProject" key="" label="WebProject"> 
    <Message>Security Warning: the Admin Area generation is enabled</Message>  
    <Resolution class="com.webratio.ide.ui.resources.ChangeAttributeResolutionGenerator" attribute="adminArea" value="">Remove the 'Admin Area' property</Resolution> 
  </Warning>  
  <Warning xpath="/WebProject" rootXPath="/WebProject" key="" label="WebProject" tab="security"> 
    <Message>Security Warning: the project contains a protected resource but the 'Protect URL' property is missing</Message>  
    <Resolution class="com.webratio.ide.ui.resources.ChangeAttributeResolutionGenerator" attribute="protectURL" value="true">Set the 'Protect URL' property to 'true'</Resolution> 
  </Warning> 
</Warnings>
